go-build	0	2817f4ce0f33dd1bf85d1a733b6c4f51adb7f04b	2026-10-04T06:46:25Z
go-vet	0	2817f4ce0f33dd1bf85d1a733b6c4f51adb7f04b	2026-10-04T06:46:27Z
gofmt	0	2817f4ce0f33dd1bf85d1a733b6c4f51adb7f04b	2026-10-04T06:46:27Z
check-gates	0	2817f4ce0f33dd1bf85d1a733b6c4f51adb7f04b	2026-10-04T06:46:28Z
depmap	0	2817f4ce0f33dd1bf85d1a733b6c4f51adb7f04b	2026-10-04T06:46:29Z
test-node	0	2817f4ce0f33dd1bf85d1a733b6c4f51adb7f04b	2026-10-04T06:46:38Z
admin-tsc	0	2817f4ce0f33dd1bf85d1a733b6c4f51adb7f04b	2026-10-04T06:46:39Z
storefront-tsc	0	2817f4ce0f33dd1bf85d1a733b6c4f51adb7f04b	2026-10-04T06:46:39Z
G04	0	2817f4ce0f33dd1bf85d1a733b6c4f51adb7f04b	2026-10-04T06:46:44Z
focused	0	2817f4ce0f33dd1bf85d1a733b6c4f51adb7f04b	2026-10-04T06:55:23Z
browser-attribution	1	2817f4ce0f33dd1bf85d1a733b6c4f51adb7f04b	2026-10-04T06:58:19Z
