pg-focused	1
go-build	0
go-vet	0
gofmt	0
admin-tsc	0
test-node	0
ads-model	0
check-gates	0
pg-focused-final	0
go-build-final	0
go-vet-final	0
gofmt-final	0
check-gates-final	0
a2-adapter-red	1
a2-adapter-green	0
a2-admin-tsc-preliminary	0
a2-pg-red	1
a2-routes	0
a2-pg-first-green	0
a2-go-build	0
a2-go-vet	0
a2-admin-tsc	0
a2-check-gates	0
a2-test-node	0
a2-gofmt	0
a2-check-gates-final	0
a2-focused-native	0
a2-browser-click-sweep	0
a2-g07	1
a3-gofmt	0
a3-go-build	0
a3-go-vet	0
a3-check-gates	0
a3-admin-tsc	0
a3-test-node	0
a3-focused-final	1
a4-gofmt	0
a4-go-build	0
a4-go-vet	0
a4-admin-tsc	0
a4-check-gates	0
a4-test-node	0
a4-browser-meta-final	1
a5-go-vet	0
a5-gofmt	0
a5-go-build	0
a5-check-gates	0
a5-admin-tsc	0
a5-test-node	0
a5-browser-meta-final	0
a5-focused-final	0
a5-g07	0
