go-build	0	0cab39ed1a15c7a35865006856bea9d9251333eb	2026-10-04T03:33:51Z
go-vet	0	0cab39ed1a15c7a35865006856bea9d9251333eb	2026-10-04T03:33:52Z
gofmt	0	0cab39ed1a15c7a35865006856bea9d9251333eb	2026-10-04T03:33:53Z
check-gates	0	0cab39ed1a15c7a35865006856bea9d9251333eb	2026-10-04T03:33:54Z
depmap	0	0cab39ed1a15c7a35865006856bea9d9251333eb	2026-10-04T03:33:54Z
test-node	0	0cab39ed1a15c7a35865006856bea9d9251333eb	2026-10-04T03:34:01Z
admin-tsc	0	0cab39ed1a15c7a35865006856bea9d9251333eb	2026-10-04T03:34:02Z
storefront-tsc	0	0cab39ed1a15c7a35865006856bea9d9251333eb	2026-10-04T03:34:03Z
focused	1	0cab39ed1a15c7a35865006856bea9d9251333eb	2026-10-04T03:42:50Z
go-build	0	40128fe5db6f04c8284ddc74fe2a302ba628900d	2026-10-04T03:52:14Z
go-vet	0	40128fe5db6f04c8284ddc74fe2a302ba628900d	2026-10-04T03:52:15Z
gofmt	0	40128fe5db6f04c8284ddc74fe2a302ba628900d	2026-10-04T03:52:16Z
check-gates	0	40128fe5db6f04c8284ddc74fe2a302ba628900d	2026-10-04T03:52:17Z
depmap	0	40128fe5db6f04c8284ddc74fe2a302ba628900d	2026-10-04T03:52:17Z
test-node	0	40128fe5db6f04c8284ddc74fe2a302ba628900d	2026-10-04T03:52:25Z
admin-tsc	0	40128fe5db6f04c8284ddc74fe2a302ba628900d	2026-10-04T03:52:25Z
storefront-tsc	0	40128fe5db6f04c8284ddc74fe2a302ba628900d	2026-10-04T03:52:26Z
G04	0	40128fe5db6f04c8284ddc74fe2a302ba628900d	2026-10-04T03:52:30Z
focused	0	40128fe5db6f04c8284ddc74fe2a302ba628900d	2026-10-04T04:01:18Z
browser-attribution	1	40128fe5db6f04c8284ddc74fe2a302ba628900d	2026-10-04T04:02:38Z
