S01	PASS	bash -n on all deploy scripts
S01	NOT_RUN	shellcheck not installed
S02	PASS	digest pins
S03	PASS	compose config (4 profile sets x 2 files, incl. claims + ops one-shots) + login/secret/network wiring matches logins.tsv
S04	PASS	coverage=96.7%
S05	PASS	caddy validate + fmt + adapt(on_demand) (image caddy:2.11.4-alpine)
S06	PASS	ignore patterns
S07	BLOCKED	full smoke needs root (backup dir owned by UID 999)
S08	BLOCKED	full smoke needs root (backup dir owned by UID 999)
S09	BLOCKED	full smoke needs root (backup dir owned by UID 999)
S10	BLOCKED	full smoke needs root (backup dir owned by UID 999)
S11	BLOCKED	full smoke needs root (backup dir owned by UID 999)
S12	BLOCKED	full smoke needs root (backup dir owned by UID 999)
S13	BLOCKED	full smoke needs root (backup dir owned by UID 999)
S13n	BLOCKED	full smoke needs root (backup dir owned by UID 999)
S14	BLOCKED	full smoke needs root (backup dir owned by UID 999)
S15	BLOCKED	full smoke needs root (backup dir owned by UID 999)
S16	BLOCKED	full smoke needs root (backup dir owned by UID 999)
S44	BLOCKED	full smoke needs root (backup dir owned by UID 999)
S46	BLOCKED	full smoke needs root (backup dir owned by UID 999)
S17	BLOCKED	full smoke needs root (backup dir owned by UID 999)
S18	BLOCKED	full smoke needs root (backup dir owned by UID 999)
S19	BLOCKED	full smoke needs root (backup dir owned by UID 999)
S47	BLOCKED	full smoke needs root (backup dir owned by UID 999)
S45	BLOCKED	full smoke needs root (backup dir owned by UID 999)
S20	BLOCKED	full smoke needs root (backup dir owned by UID 999)
S21	BLOCKED	full smoke needs root (backup dir owned by UID 999)
S22	BLOCKED	full smoke needs root (backup dir owned by UID 999)
S23	BLOCKED	full smoke needs root (backup dir owned by UID 999)
S24	BLOCKED	full smoke needs root (backup dir owned by UID 999)
S25	BLOCKED	full smoke needs root (backup dir owned by UID 999)
S26	BLOCKED	full smoke needs root (backup dir owned by UID 999)
S27	BLOCKED	full smoke needs root (backup dir owned by UID 999)
S28	BLOCKED	full smoke needs root (backup dir owned by UID 999)
S29	BLOCKED	full smoke needs root (backup dir owned by UID 999)
S29m	BLOCKED	full smoke needs root (backup dir owned by UID 999)
S30	BLOCKED	full smoke needs root (backup dir owned by UID 999)
S31	BLOCKED	full smoke needs root (backup dir owned by UID 999)
S32	BLOCKED	full smoke needs root (backup dir owned by UID 999)
S33	BLOCKED	full smoke needs root (backup dir owned by UID 999)
S34	BLOCKED	full smoke needs root (backup dir owned by UID 999)
S35	BLOCKED	full smoke needs root (backup dir owned by UID 999)
S36	BLOCKED	full smoke needs root (backup dir owned by UID 999)
S37	BLOCKED	full smoke needs root (backup dir owned by UID 999)
S38	BLOCKED	full smoke needs root (backup dir owned by UID 999)
S39	BLOCKED	full smoke needs root (backup dir owned by UID 999)
S40	BLOCKED	full smoke needs root (backup dir owned by UID 999)
S41	BLOCKED	full smoke needs root (backup dir owned by UID 999)
S42	BLOCKED	full smoke needs root (backup dir owned by UID 999)
S43	BLOCKED	full smoke needs root (backup dir owned by UID 999)
