red-route	1
red-node	1
red-pg	1
red-collision	1
go-build	0
go-vet	0
gofmt	0
go-unit	0
check-gates	0
test-node	0
focused-green	1
admin-tsc	0
focused-final	0
red-lock-mutation	1
collision-final	0
red-lock-clean	1
go-build	0
go-vet	0
gofmt	0
go-unit	0
check-gates	0
test-node	0
admin-tsc	0
focused-final-source	0
browser-store-domains	0
browser-password-auth	0
browser-admin-shell	0
go-build	0
go-vet	0
gofmt	0
go-unit	0
check-gates	0
test-node	0
admin-tsc	0
browser-click-sweep	1
tel-baseline-repro	0
full-g07	1
browser-store-domains-final	0
browser-password-auth-final	0
