2026-10-02T12:54:41.148Z	test-node	0
2026-10-02T12:54:48.306Z	admin-tsc	0
2026-10-02T12:54:49.224Z	check-gates	0
2026-10-02T12:54:50.186Z	browser-admin-legacy	1
2026-10-02T12:56:29.005Z	browser-ops-polish	1
2026-10-02T12:57:21.917Z	browser-customers-billing	0
2026-10-02T12:58:22.957Z	browser-studio-ui	0
2026-10-02T12:59:09.426Z	browser-design	1
2026-10-02T13:01:31.411Z	browser-catalog-core	0
2026-10-02T13:01:58.934Z	browser-catalog-media	0
2026-10-02T13:02:24.992Z	browser-promotions	0
2026-10-02T13:02:58.265Z	browser-merchant-orders-ui	1
2026-10-02T13:03:39.885Z	browser-cvs	0
2026-10-02T13:05:16.547Z	browser-meta-connect	0
2026-10-02T13:05:54.343Z	browser-admin-shell	0
