browser-customers-billing	1
browser-studio-ui	1
browser-meta-connect	1
browser-design	1
browser-catalog-core	1
2026-10-02T13:23:55.410Z	17f1b8427fbd98ffc3b0c2c72a583cbe48229b13	test-node	0
2026-10-02T13:24:02.335Z	17f1b8427fbd98ffc3b0c2c72a583cbe48229b13	admin-tsc	0
2026-10-02T13:24:03.214Z	17f1b8427fbd98ffc3b0c2c72a583cbe48229b13	check-gates	0
2026-10-02T13:24:04.881Z	17f1b8427fbd98ffc3b0c2c72a583cbe48229b13	browser-admin-legacy	1
2026-10-02T13:24:46.051Z	17f1b8427fbd98ffc3b0c2c72a583cbe48229b13	browser-ops-polish	0
2026-10-02T13:25:38.056Z	17f1b8427fbd98ffc3b0c2c72a583cbe48229b13	browser-customers-billing	0
2026-10-02T13:26:39.515Z	17f1b8427fbd98ffc3b0c2c72a583cbe48229b13	browser-studio-ui	0
2026-10-02T13:27:27.473Z	17f1b8427fbd98ffc3b0c2c72a583cbe48229b13	browser-design	0
2026-10-02T13:27:58.959Z	17f1b8427fbd98ffc3b0c2c72a583cbe48229b13	browser-catalog-core	0
2026-10-02T13:28:22.808Z	17f1b8427fbd98ffc3b0c2c72a583cbe48229b13	browser-catalog-media	0
2026-10-02T13:28:47.265Z	17f1b8427fbd98ffc3b0c2c72a583cbe48229b13	browser-promotions	0
2026-10-02T13:29:23.772Z	17f1b8427fbd98ffc3b0c2c72a583cbe48229b13	browser-merchant-orders-ui	0
2026-10-02T13:29:56.654Z	17f1b8427fbd98ffc3b0c2c72a583cbe48229b13	browser-cvs	0
2026-10-02T13:31:15.694Z	17f1b8427fbd98ffc3b0c2c72a583cbe48229b13	browser-meta-connect	0
2026-10-02T13:31:50.641Z	17f1b8427fbd98ffc3b0c2c72a583cbe48229b13	browser-admin-shell	1
