mode	exit	started_utc	finished_utc
browser-admin-legacy	1	2026-10-02T09:58:41Z	2026-10-02T10:00:25Z
browser-catalog-core	1	2026-10-02T10:00:25Z	2026-10-02T10:00:59Z
browser-catalog-media	0	2026-10-02T10:00:59Z	2026-10-02T10:01:35Z
browser-promotions	0	2026-10-02T10:01:35Z	2026-10-02T10:02:16Z
browser-ops-polish	1	2026-10-02T10:02:16Z	2026-10-02T10:03:45Z
browser-customers-billing	1	2026-10-02T10:03:45Z	2026-10-02T10:04:41Z
browser-studio-ui	1	2026-10-02T10:04:41Z	2026-10-02T10:05:52Z
browser-merchant-orders-ui	0	2026-10-02T10:05:52Z	2026-10-02T10:06:32Z
browser-cvs	0	2026-10-02T10:06:32Z	2026-10-02T10:08:09Z
browser-meta-connect	1	2026-10-02T10:08:09Z	2026-10-02T10:08:54Z
browser-design	0	2026-10-02T10:08:54Z	2026-10-02T10:09:17Z
