2026-10-02T13:35:51.604Z	a6449fb33ce3050d6e385b3453130b7e469bf0d0	test-node	0
2026-10-02T13:35:58.519Z	a6449fb33ce3050d6e385b3453130b7e469bf0d0	admin-tsc	0
2026-10-02T13:35:59.359Z	a6449fb33ce3050d6e385b3453130b7e469bf0d0	check-gates	0
2026-10-02T13:36:00.320Z	a6449fb33ce3050d6e385b3453130b7e469bf0d0	browser-admin-shell	0
2026-10-02T13:37:20.308Z	a6449fb33ce3050d6e385b3453130b7e469bf0d0	browser-admin-legacy	1
2026-10-02T13:37:58.673Z	a6449fb33ce3050d6e385b3453130b7e469bf0d0	browser-ops-polish	0
2026-10-02T13:38:47.504Z	a6449fb33ce3050d6e385b3453130b7e469bf0d0	browser-customers-billing	0
2026-10-02T13:39:45.372Z	a6449fb33ce3050d6e385b3453130b7e469bf0d0	browser-studio-ui	0
2026-10-02T13:40:25.955Z	a6449fb33ce3050d6e385b3453130b7e469bf0d0	browser-design	0
2026-10-02T13:40:51.552Z	a6449fb33ce3050d6e385b3453130b7e469bf0d0	browser-catalog-core	0
2026-10-02T13:41:14.171Z	a6449fb33ce3050d6e385b3453130b7e469bf0d0	browser-catalog-media	0
2026-10-02T13:41:37.627Z	a6449fb33ce3050d6e385b3453130b7e469bf0d0	browser-promotions	0
2026-10-02T13:42:10.429Z	a6449fb33ce3050d6e385b3453130b7e469bf0d0	browser-merchant-orders-ui	0
2026-10-02T13:42:41.639Z	a6449fb33ce3050d6e385b3453130b7e469bf0d0	browser-cvs	0
2026-10-02T13:44:00.879Z	a6449fb33ce3050d6e385b3453130b7e469bf0d0	browser-meta-connect	0
