go-build	0	6c6c3fb397dd8c6ae8c291f3d751c1eedbc6ac89	2026-10-04T07:01:26Z
go-vet	0	6c6c3fb397dd8c6ae8c291f3d751c1eedbc6ac89	2026-10-04T07:01:28Z
gofmt	0	6c6c3fb397dd8c6ae8c291f3d751c1eedbc6ac89	2026-10-04T07:01:28Z
check-gates	0	6c6c3fb397dd8c6ae8c291f3d751c1eedbc6ac89	2026-10-04T07:01:29Z
depmap	0	6c6c3fb397dd8c6ae8c291f3d751c1eedbc6ac89	2026-10-04T07:01:30Z
test-node	0	6c6c3fb397dd8c6ae8c291f3d751c1eedbc6ac89	2026-10-04T07:01:39Z
admin-tsc	0	6c6c3fb397dd8c6ae8c291f3d751c1eedbc6ac89	2026-10-04T07:01:39Z
storefront-tsc	0	6c6c3fb397dd8c6ae8c291f3d751c1eedbc6ac89	2026-10-04T07:01:40Z
G04	0	6c6c3fb397dd8c6ae8c291f3d751c1eedbc6ac89	2026-10-04T07:01:45Z
browser-attribution	0	6c6c3fb397dd8c6ae8c291f3d751c1eedbc6ac89	2026-10-04T07:03:15Z
focused	0	6c6c3fb397dd8c6ae8c291f3d751c1eedbc6ac89	2026-10-04T07:13:54Z
click-sweep	0	6c6c3fb397dd8c6ae8c291f3d751c1eedbc6ac89	2026-10-04T07:26:35Z
G07-console	0	6c6c3fb397dd8c6ae8c291f3d751c1eedbc6ac89	2026-10-04T08:35:12Z
